estimation.x,estimation.y,valification.x,valification.y,diff
123,397,123,397,0
121,420,122,421,1.41421
117,443,120,445,3.60555
111,466,117,469,6.7082
103,488,111,493,9.43398
97,511,104,516,8.60233
89,533,95,539,8.48528
80,555,83,561,6.7082
69,576,73,583,8.06226
56,596,58,602,6.32456
41,615,48,620,8.60233
