estimation.x,estimation.y,valification.x,valification.y,diff
126,304,126,304,0
125,328,125,329,1
124,352,127,354,3.60555
122,376,126,379,5
119,400,125,404,7.2111
116,424,122,429,7.81025
112,448,119,454,9.21954
108,472,112,478,7.2111
103,495,107,502,8.06226
96,518,100,526,8.94427
82,538,89,542,8.06226
