estimation.x,estimation.y,valification.x,valification.y,diff
128,216,128,216,0
130,239,126,240,4.12311
130,262,126,264,4.47214
128,285,122,288,6.7082
124,308,116,311,8.544
118,330,108,334,10.7703
110,352,99,356,11.7047
100,373,88,377,12.6491
88,393,75,398,13.9284
75,412,62,419,14.7648
60,430,54,432,6.32456
